{
  "id": "fa-token-browser",
  "title": "FA Token Browser",
  "version": "0.8.0",
  "compatibility": {
    "minimum": "13",
    "verified": "13"
  },
  "description": "<p>Forgotten Adventures' Token Browser for Foundry VTT</p>",
  "authors": [
    {
      "name": "Forgotten Adventures"
    }
  ],
  "esmodules": [
    "scripts/geometry.js",
    "scripts/search-engine.js",
    "scripts/system-detection.js",
    "scripts/actor-factory.js",
    "scripts/patreon-auth-service.js",
    "scripts/token-data-types.js",
    "scripts/local-token-service.js",
    "scripts/token-data-service.js",
    "scripts/forge-integration.js",
    "scripts/token-cache-manager.js",
    "scripts/cloud-token-service.js",
    "scripts/token-preview-manager.js",
    "scripts/token-dragdrop-manager.js",
    "scripts/event-manager.js",
    "scripts/lazy-loading-manager.js",
    "scripts/token-browser.js"
  ],
  "styles": [
    "styles/token-browser.css"
  ],
  "manifest": "https://raw.githubusercontent.com/Forgotten-Adventures/FA-Token-Browser/refs/heads/main/module.json",
  "download": "https://github.com/Forgotten-Adventures/FA-Token-Browser/raw/refs/heads/main/fa-token-browser.zip"
}